file,avg_snr_uv
jades-gds-w04-v4_prism-clear_1212_1609.spec.fits,9.741706917753898
jades-gds-w04-v4_prism-clear_1212_1791.spec.fits,6.721487524712273
jades-gds-w04-v4_prism-clear_1212_5237.spec.fits,5.921033119170648
jades-gds-w04-v4_prism-clear_1212_5711.spec.fits,9.302192183531954
jades-gds-w04-v4_prism-clear_1212_3477.spec.fits,10.333532530572564
jades-gds-w04-v4_prism-clear_1212_678.spec.fits,14.7364453408276
jades-gds-w04-v4_prism-clear_1212_4590.spec.fits,9.89026265817836
jades-gds-w04-v4_prism-clear_1212_2847.spec.fits,7.653824304683033
jades-gds-w04-v4_prism-clear_1212_606.spec.fits,5.734168706043856
jades-gds-w04-v4_prism-clear_1212_3105.spec.fits,5.595110660147094
jades-gds-w04-v4_prism-clear_1212_681.spec.fits,7.285024937052816
jades-gds-w04-v4_prism-clear_1212_2439.spec.fits,6.954174598510178
jades-gds-w04-v4_prism-clear_1212_6609.spec.fits,10.203122068662406
jades-gds-w04-v4_prism-clear_1212_3062.spec.fits,13.160216248767346
jades-gds-w04-v4_prism-clear_1212_5677.spec.fits,8.648277634182145
jades-gds-w04-v4_prism-clear_1212_5341.spec.fits,5.945287397863054
jades-gds-w04-v4_prism-clear_1212_4891.spec.fits,6.899884319105568
jades-gds-w04-v4_prism-clear_1212_6156.spec.fits,5.34666480462736
jades-gds-w04-v4_prism-clear_1212_4663.spec.fits,8.284340348557402
jades-gds-w04-v4_prism-clear_1212_5447.spec.fits,6.592996574163269
jades-gds-w04-v4_prism-clear_1212_7082.spec.fits,5.126492209473516
jades-gds-w07-v4_prism-clear_1212_2467.spec.fits,10.134787139654748
jades-gds-w07-v4_prism-clear_1212_2676.spec.fits,7.591889299192691
jades-gds-w07-v4_prism-clear_1212_1874.spec.fits,10.407326747397502
jades-gds-w07-v4_prism-clear_1212_4469.spec.fits,6.068980561409331
jades-gds-w07-v4_prism-clear_1212_1872.spec.fits,7.618168903341746
jades-gds-w07-v4_prism-clear_1212_4909.spec.fits,8.881186195849722
jades-gds-w07-v4_prism-clear_1212_1565.spec.fits,10.618312462851849
jades-gds-w07-v4_prism-clear_1212_5076.spec.fits,6.79023212810958
jades-gds-w07-v4_prism-clear_1212_1834.spec.fits,8.864484639117252
jades-gds-w07-v4_prism-clear_1212_76.spec.fits,6.034576529792756
jades-gds-w07-v4_prism-clear_1212_5116.spec.fits,13.391274131403607
jades-gds-w07-v4_prism-clear_1212_5396.spec.fits,7.271681114206806
jades-gds-w07-v4_prism-clear_1212_4783.spec.fits,12.95310180898457
jades-gds-w07-v4_prism-clear_1212_6071.spec.fits,9.381769953192576
jades-gds-w07-v4_prism-clear_1212_2839.spec.fits,5.040063163636963
jades-gds-w07-v4_prism-clear_1212_53.spec.fits,5.764089967064123
jades-gds-w07-v4_prism-clear_1212_5887.spec.fits,5.365783915511552
jades-gds05-v4_prism-clear_1286_194535.spec.fits,7.881560070269593
jades-gds05-v4_prism-clear_1286_202925.spec.fits,7.966603177015444
jades-gds05-v4_prism-clear_1286_203438.spec.fits,14.722619010620564
jades-gds05-v4_prism-clear_1286_10031863.spec.fits,8.338394225845112
jades-gds05-v4_prism-clear_1286_201011.spec.fits,9.731897062734944
jades-gds05-v4_prism-clear_1286_194373.spec.fits,5.100779340708484
jades-gds05-v4_prism-clear_1286_91992.spec.fits,7.893052756366193
jades-gds05-v4_prism-clear_1286_202630.spec.fits,5.551485801424554
jades-gds05-v4_prism-clear_1286_193481.spec.fits,5.151133038187068
jades-gds05-v4_prism-clear_1286_192113.spec.fits,8.559936615421373
jades-gds05-v4_prism-clear_1286_196132.spec.fits,9.23637636492563
jades-gds05-v4_prism-clear_1286_88540.spec.fits,7.922625720953136
jades-gds05-v4_prism-clear_1286_91345.spec.fits,12.673013539066408
jades-gds05-v4_prism-clear_1286_202446.spec.fits,18.46736459994573
jades-gds05-v4_prism-clear_1286_191117.spec.fits,20.286507404504466
jades-gds05-v4_prism-clear_1286_191576.spec.fits,25.07465493989728
jades-gds05-v4_prism-clear_1286_202058.spec.fits,5.423164999423398
jades-gds05-v4_prism-clear_1286_193009.spec.fits,6.6307669285552535
jades-gds05-v4_prism-clear_1286_192837.spec.fits,14.718219418139412
jades-gds05-v4_prism-clear_1286_193931.spec.fits,5.148936203753536
jades-gds05-v4_prism-clear_1286_88673.spec.fits,5.392661318190407
jades-gds05-v4_prism-clear_1286_193605.spec.fits,5.402489169857793
jades-gds05-v4_prism-clear_1286_192368.spec.fits,6.447385429653656
jades-gds05-v4_prism-clear_1286_112194.spec.fits,8.124413184253125
jades-gds-w06-v4_prism-clear_1212_1135.spec.fits,8.551121223861252
jades-gds-w06-v4_prism-clear_1212_1876.spec.fits,10.33348043412394
jades-gds-w06-v4_prism-clear_1212_4682.spec.fits,6.352321899347174
jades-gds-w06-v4_prism-clear_1212_1598.spec.fits,7.890135107614859
jades-gds-w06-v4_prism-clear_1212_1083.spec.fits,6.775760620130563
jades-gds-w06-v4_prism-clear_1212_3672.spec.fits,5.244537219095872
jades-gds-w06-v4_prism-clear_1212_645.spec.fits,5.338682232676577
jades-gds-w06-v4_prism-clear_1212_884.spec.fits,10.240963896786177
jades-gds-w06-v4_prism-clear_1212_4366.spec.fits,6.9167873667470205
jades-gds-w06-v4_prism-clear_1212_1143.spec.fits,5.916503631989666
jades-gds-w06-v4_prism-clear_1212_1181.spec.fits,7.355576736422896
jades-gds-w06-v4_prism-clear_1212_4773.spec.fits,8.02575141511232
jades-gds-w06-v4_prism-clear_1212_3518.spec.fits,5.096958508367496
jades-gds-w06-v4_prism-clear_1212_1827.spec.fits,6.044499438758833
jades-gds-w06-v4_prism-clear_1212_3204.spec.fits,10.768964947529517
jades-gds-w06-v4_prism-clear_1212_4765.spec.fits,8.44367054427792
jades-gds-w06-v4_prism-clear_1212_477.spec.fits,6.015580687326407
jades-gds-w06-v4_prism-clear_1212_3286.spec.fits,6.47667040456582
jades-gds-w06-v4_prism-clear_1212_1531.spec.fits,8.016767588661066
jades-gds-wide3-v4_prism-clear_1180_197911.spec.fits,21.058135092320136
jades-gds-wide3-v4_prism-clear_1180_194580.spec.fits,11.46144084839963
jades-gds-wide3-v4_prism-clear_1180_196916.spec.fits,11.22147230028868
jades-gds-wide3-v4_prism-clear_1180_95278.spec.fits,6.396374639840151
jades-gds-wide3-v4_prism-clear_1180_199133.spec.fits,5.595802287834295
jades-gds-wide3-v4_prism-clear_1180_196039.spec.fits,6.260713403795681
jades-gds-w03-v4_prism-clear_1212_1754.spec.fits,5.648677982580917
jades-gds-w03-v4_prism-clear_1212_3738.spec.fits,8.560512043278957
jades-gds-w03-v4_prism-clear_1212_7505.spec.fits,10.224343905176305
jades-gds-w03-v4_prism-clear_1212_3785.spec.fits,7.730840917853546
jades-gds-w03-v4_prism-clear_1212_1782.spec.fits,29.72093497490408
jades-gds-w03-v4_prism-clear_1212_427.spec.fits,7.828483178211168
jades-gds-w03-v4_prism-clear_1212_4232.spec.fits,13.455390261397037
jades-gds-w03-v4_prism-clear_1212_8183.spec.fits,10.018079870878166
jades-gds-w03-v4_prism-clear_1212_1972.spec.fits,9.532620767346122
jades-gds-w03-v4_prism-clear_1212_1709.spec.fits,9.8460523371929
jades-gds-w03-v4_prism-clear_1212_570.spec.fits,7.318860122227552
jades-gds-w05-v4_prism-clear_1212_4582.spec.fits,10.32497260429546
jades-gds-w05-v4_prism-clear_1212_5501.spec.fits,7.383412351486268
jades-gds-w05-v4_prism-clear_1212_1672.spec.fits,22.40776262092648
jades-gds-w05-v4_prism-clear_1212_859.spec.fits,5.088462769552006
jades-gds-w05-v4_prism-clear_1212_8284.spec.fits,19.769476043296105
jades-gds-w05-v4_prism-clear_1212_4654.spec.fits,16.37825890576837
jades-gds-w05-v4_prism-clear_1212_5032.spec.fits,9.278224816510257
jades-gds-w05-v4_prism-clear_1212_5515.spec.fits,5.602747791105349
jades-gds-w05-v4_prism-clear_1212_3985.spec.fits,5.731654383402184
jades-gds-w05-v4_prism-clear_1212_4651.spec.fits,8.32594061274926
jades-gds-w05-v4_prism-clear_1212_295.spec.fits,13.696179426119675
jades-gds-w05-v4_prism-clear_1212_8712.spec.fits,12.876904552899768
jades-gds-w05-v4_prism-clear_1212_1765.spec.fits,15.015806241754214
jades-gds-w05-v4_prism-clear_1212_841.spec.fits,5.556241251123412
jades-gds-w05-v4_prism-clear_1212_5429.spec.fits,9.275620774862288
jades-gds-w05-v4_prism-clear_1212_490.spec.fits,6.9015498848793095
jades-gds06-v4_prism-clear_1286_171147.spec.fits,5.017430190927436
jades-gds06-v4_prism-clear_1286_163028.spec.fits,5.809270301870059
jades-gds06-v4_prism-clear_1286_158273.spec.fits,24.86798241186562
jades-gds06-v4_prism-clear_1286_159494.spec.fits,6.437011365463129
jades-gds06-v4_prism-clear_1286_159811.spec.fits,17.118496107248973
jades-gds06-v4_prism-clear_1286_165355.spec.fits,18.154641130191223
jades-gds06-v4_prism-clear_1286_180813.spec.fits,7.767561382023256
jades-gds06-v4_prism-clear_1286_158633.spec.fits,9.498364138730404
jades-gds06-v4_prism-clear_1286_162894.spec.fits,22.764217385830293
jades-gds06-v4_prism-clear_1286_10072503.spec.fits,6.41468836625992
jades-gds06-v4_prism-clear_1286_10025472.spec.fits,5.783553255243534
jades-gds06-v4_prism-clear_1286_4491.spec.fits,14.543727704129845
jades-gds06-v4_prism-clear_1286_159438.spec.fits,37.82449794742757
jades-gds06-v4_prism-clear_1286_167544.spec.fits,9.589510868128318
jades-gds06-v4_prism-clear_1286_175185.spec.fits,7.109460715357316
jades-gds06-v4_prism-clear_1286_158314.spec.fits,7.06764104481649
jades-gds06-v4_prism-clear_1286_6700.spec.fits,12.079428574025666
jades-gds06-v4_prism-clear_1286_175166.spec.fits,10.01336046459095
jades-gds06-v4_prism-clear_1286_10057885.spec.fits,12.518360038003374
jades-gds06-v4_prism-clear_1286_157811.spec.fits,5.275907586503648
jades-gds06-v4_prism-clear_1286_2150.spec.fits,14.004322941502055
jades-gds06-v4_prism-clear_1286_175611.spec.fits,20.58762727625571
jades-gds06-v4_prism-clear_1286_159717.spec.fits,5.522391648106196
jades-gds06-v4_prism-clear_1286_172135.spec.fits,8.061001832167678
jades-gds06-v4_prism-clear_1286_63722.spec.fits,5.150794510104738
jades-gds06-v4_prism-clear_1286_159802.spec.fits,6.0904042014133735
jades-gds06-v4_prism-clear_1286_38665.spec.fits,5.076531457463156
jades-gds06-v4_prism-clear_1286_3204.spec.fits,7.820792686037049
jades-gds06-v4_prism-clear_1286_179198.spec.fits,6.481413505649477
jades-gds06-v4_prism-clear_1286_162416.spec.fits,5.641463518397977
jades-gds06-v4_prism-clear_1286_172566.spec.fits,10.3621152503267
jades-gds06-v4_prism-clear_1286_20013405.spec.fits,10.093813531977396
jades-gds06-v4_prism-clear_1286_283734.spec.fits,5.88011363304336
jades-gds06-v4_prism-clear_1286_158011.spec.fits,8.915113958682689
jades-gds06-v4_prism-clear_1286_50234.spec.fits,7.96565379198943
jades-gds06-v4_prism-clear_1286_35867.spec.fits,8.822288602316391
jades-gds06-v4_prism-clear_1286_3869.spec.fits,8.668792219291365
jades-gds06-v4_prism-clear_1286_3324.spec.fits,5.528482830303624
jades-gds06-v4_prism-clear_1286_20006347.spec.fits,5.58539089895775
jades-gds03-v4_prism-clear_1286_95479.spec.fits,6.878837659411738
jades-gds03-v4_prism-clear_1286_195588.spec.fits,29.14303084408706
jades-gds03-v4_prism-clear_1286_191250.spec.fits,23.533697668608195
jades-gds03-v4_prism-clear_1286_10026167.spec.fits,5.446070065116532
jades-gds03-v4_prism-clear_1286_185290.spec.fits,17.74851261823389
jades-gds03-v4_prism-clear_1286_181082.spec.fits,15.928116349223137
jades-gds03-v4_prism-clear_1286_190389.spec.fits,5.866307954945124
jades-gds03-v4_prism-clear_1286_10024789.spec.fits,11.148507839525388
jades-gds03-v4_prism-clear_1286_169690.spec.fits,8.048769046369447
jades-gds03-v4_prism-clear_1286_10024792.spec.fits,8.76488542170846
jades-gds03-v4_prism-clear_1286_69251.spec.fits,9.227310455648906
jades-gds03-v4_prism-clear_1286_180657.spec.fits,21.245856728475275
jades-gds03-v4_prism-clear_1286_41503.spec.fits,7.293272834151736
jades-gds03-v4_prism-clear_1286_32523.spec.fits,5.598886851138745
jades-gds03-v4_prism-clear_1286_67776.spec.fits,6.097414999621671
jades-gds03-v4_prism-clear_1286_182656.spec.fits,13.35840288066132
jades-gds03-v4_prism-clear_1286_167669.spec.fits,6.588908459107161
jades-gds03-v4_prism-clear_1286_88182.spec.fits,8.377401033449484
jades-gds03-v4_prism-clear_1286_33499.spec.fits,11.346811278536672
jades-gds03-v4_prism-clear_1286_89372.spec.fits,9.167774716842995
jades-gds03-v4_prism-clear_1286_26095.spec.fits,11.408947798867212
jades-gds03-v4_prism-clear_1286_54970.spec.fits,8.889386510588116
jades-gds03-v4_prism-clear_1286_177655.spec.fits,5.504937039534701
jades-gds03-v4_prism-clear_1286_54144.spec.fits,6.39336920222432
jades-gds03-v4_prism-clear_1286_20027503.spec.fits,6.922604502305714
jades-gds04-v4_prism-clear_1286_165698.spec.fits,7.935540499746596
jades-gds04-v4_prism-clear_1286_163028.spec.fits,6.413559417746591
jades-gds04-v4_prism-clear_1286_164189.spec.fits,17.104163363768226
jades-gds04-v4_prism-clear_1286_53237.spec.fits,20.29290116614432
jades-gds04-v4_prism-clear_1286_48839.spec.fits,5.154516565931079
jades-gds04-v4_prism-clear_1286_63829.spec.fits,11.031265369530605
jades-gds04-v4_prism-clear_1286_183358.spec.fits,6.28600686108707
jades-gds04-v4_prism-clear_1286_185550.spec.fits,10.129960871545462
jades-gds04-v4_prism-clear_1286_173246.spec.fits,7.622758581842696
jades-gds04-v4_prism-clear_1286_184541.spec.fits,12.744473919589128
jades-gds04-v4_prism-clear_1286_188785.spec.fits,7.182234312947877
jades-gds04-v4_prism-clear_1286_159386.spec.fits,8.376562512440522
jades-gds04-v4_prism-clear_1286_164658.spec.fits,21.8441873879204
jades-gds04-v4_prism-clear_1286_180835.spec.fits,5.626872944742937
jades-gds04-v4_prism-clear_1286_166539.spec.fits,16.668456153037155
jades-gds04-v4_prism-clear_1286_186024.spec.fits,11.591303991906456
jades-gds04-v4_prism-clear_1286_178845.spec.fits,7.105082780312823
jades-gds04-v4_prism-clear_1286_159401.spec.fits,6.5956707957472425
jades-gds04-v4_prism-clear_1286_11813.spec.fits,5.146873711959317
jades-gds04-v4_prism-clear_1286_33499.spec.fits,10.345536299674444
jades-gds04-v4_prism-clear_1286_189001.spec.fits,7.656403339597323
jades-gds04-v4_prism-clear_1286_49303.spec.fits,8.983536329341662
jades-gds04-v4_prism-clear_1286_13938.spec.fits,5.943454759663831
jades-gds04-v4_prism-clear_1286_8825.spec.fits,5.57807080787544
jades-gds04-v4_prism-clear_1286_73678.spec.fits,8.680072117597836
jades-gds04-v4_prism-clear_1286_42831.spec.fits,5.645782553197354
jades-gds04-v4_prism-clear_1286_20013405.spec.fits,6.308815686905782
jades-gds04-v4_prism-clear_1286_184060.spec.fits,8.5157479062715
jades-gds04-v4_prism-clear_1286_279582.spec.fits,6.697878220384456
jades-gds04-v4_prism-clear_1286_181867.spec.fits,7.976820333104575
jades-gds04-v4_prism-clear_1286_167639.spec.fits,6.190201549369529
jades-gds02-v4_prism-clear_1286_163028.spec.fits,6.906899816127093
jades-gds02-v4_prism-clear_1286_187036.spec.fits,17.233772504674764
jades-gds02-v4_prism-clear_1286_188720.spec.fits,20.88795995131688
jades-gds02-v4_prism-clear_1286_167512.spec.fits,13.256108855538628
jades-gds02-v4_prism-clear_1286_191117.spec.fits,10.270806941120762
jades-gds02-v4_prism-clear_1286_165322.spec.fits,7.398190185859088
jades-gds02-v4_prism-clear_1286_189417.spec.fits,16.812992962915843
jades-gds02-v4_prism-clear_1286_10103486.spec.fits,10.33586448801655
jades-gds02-v4_prism-clear_1286_69477.spec.fits,8.11371422836389
jades-gds02-v4_prism-clear_1286_187034.spec.fits,19.83718876474465
jades-gds02-v4_prism-clear_1286_76988.spec.fits,7.893310773191648
jades-gds02-v4_prism-clear_1286_189760.spec.fits,11.799749298962531
jades-gds02-v4_prism-clear_1286_187564.spec.fits,8.187566539280295
jades-gds02-v4_prism-clear_1286_188465.spec.fits,7.4866363932068385
jades-gds02-v4_prism-clear_1286_172651.spec.fits,13.834232512530804
jades-gds02-v4_prism-clear_1286_86199.spec.fits,5.990721727547937
jades-gds02-v4_prism-clear_1286_172688.spec.fits,17.246214872141607
jades-gds02-v4_prism-clear_1286_41862.spec.fits,5.748382133444607
jades-gds02-v4_prism-clear_1286_177520.spec.fits,7.538687315952724
jades-gds02-v4_prism-clear_1286_166594.spec.fits,5.897021722312193
jades-gds02-v4_prism-clear_1286_179198.spec.fits,8.52468476771399
jades-gds02-v4_prism-clear_1286_184490.spec.fits,7.293479851163748
jades-gds02-v4_prism-clear_1286_20013405.spec.fits,13.666754687975416
jades-gds02-v4_prism-clear_1286_164609.spec.fits,5.278368875891188
jades-gds02-v4_prism-clear_1286_38562.spec.fits,6.45141555956596
jades-gds02-v4_prism-clear_1286_282967.spec.fits,5.4700534434529775
jades-gds02-v4_prism-clear_1286_85314.spec.fits,5.009183752703503
jades-gds02-v4_prism-clear_1286_77833.spec.fits,5.486870350064438
jades-gds02-v4_prism-clear_1286_10014581.spec.fits,6.331067981002287
jades-gds02-v4_prism-clear_1286_35867.spec.fits,8.676354064893886
jades-gds02-v4_prism-clear_1286_28043.spec.fits,6.4504250221337305
jades-gds02-v4_prism-clear_1286_185049.spec.fits,6.728077976516572
jades-gds02-v4_prism-clear_1286_170590.spec.fits,6.013044891151181
jades-gds02-v4_prism-clear_1286_20077159.spec.fits,5.104106091111984
jades-gds02-v4_prism-clear_1286_81034.spec.fits,6.5715356718965765
gds-egami-ddt-v4_prism-clear_6541_195124.spec.fits,15.802658029741371
gds-egami-ddt-v4_prism-clear_6541_197213.spec.fits,25.329126634014607
gds-egami-ddt-v4_prism-clear_6541_2022016.spec.fits,10.777016898798196
gds-egami-ddt-v4_prism-clear_6541_85993.spec.fits,6.654915042777893
gds-egami-ddt-v4_prism-clear_6541_198754.spec.fits,23.33472282115159
gds-egami-ddt-v4_prism-clear_6541_2023026.spec.fits,7.276963748286415
gds-egami-ddt-v4_prism-clear_6541_2022040.spec.fits,29.010652875015765
gds-egami-ddt-v4_prism-clear_6541_2023022.spec.fits,5.735332170249119
gds-egami-ddt-v4_prism-clear_6541_92192.spec.fits,5.964496565935814
gds-egami-ddt-v4_prism-clear_6541_203991.spec.fits,9.822526677478344
gds-egami-ddt-v4_prism-clear_6541_202892.spec.fits,64.8170328193084
gds-egami-ddt-v4_prism-clear_6541_194960.spec.fits,10.006540190715643
gds-egami-ddt-v4_prism-clear_6541_93284.spec.fits,9.012676330535385
gds-egami-ddt-v4_prism-clear_6541_86866.spec.fits,5.314267312840872
gds-egami-ddt-v4_prism-clear_6541_90735.spec.fits,20.316795561930583
gds-egami-ddt-v4_prism-clear_6541_90417.spec.fits,17.970857794818176
gds-egami-ddt-v4_prism-clear_6541_191601.spec.fits,13.827202798111031
gds-egami-ddt-v4_prism-clear_6541_201169.spec.fits,20.68576400424421
gds-egami-ddt-v4_prism-clear_6541_192046.spec.fits,5.025113983852252
gds-egami-ddt-v4_prism-clear_6541_195924.spec.fits,7.828857215490028
gds-egami-ddt-v4_prism-clear_6541_195115.spec.fits,6.530410820225974
gds-egami-ddt-v4_prism-clear_6541_97858.spec.fits,6.746378775726496
gds-egami-ddt-v4_prism-clear_6541_85339.spec.fits,9.225891173894611
gds-egami-ddt-v4_prism-clear_6541_196541.spec.fits,7.34120446908314
gds-egami-ddt-v4_prism-clear_6541_83749.spec.fits,11.105610151948516
gds-egami-ddt-v4_prism-clear_6541_97581.spec.fits,11.8339550721599
gds-egami-ddt-v4_prism-clear_6541_99110.spec.fits,5.475396042837297
gds-egami-ddt-v4_prism-clear_6541_194371.spec.fits,12.248089902266996
gds-egami-ddt-v4_prism-clear_6541_114613.spec.fits,6.6510477822454765
gds-egami-ddt-v4_prism-clear_6541_89635.spec.fits,6.071958723740552
gds-egami-ddt-v4_prism-clear_6541_112084.spec.fits,5.60907748781008
gds-egami-ddt-v4_prism-clear_6541_100630.spec.fits,8.742015960295861
jades-gds-wide2-v4_prism-clear_1180_8814.spec.fits,5.120721376396206
jades-gds-wide2-v4_prism-clear_1180_14274.spec.fits,6.126418932299901
jades-gds-wide2-v4_prism-clear_1180_9564.spec.fits,24.086783433343133
jades-gds-wide2-v4_prism-clear_1180_10715.spec.fits,10.796692954798694
jades-gds-wide2-v4_prism-clear_1180_33232.spec.fits,11.461530032370192
jades-gds-wide2-v4_prism-clear_1180_5085.spec.fits,5.747812809902914
jades-gds-wide2-v4_prism-clear_1180_11070.spec.fits,9.37673867643277
jades-gds-wide2-v4_prism-clear_1180_5932.spec.fits,7.717717672523149
jades-gds-wide2-v4_prism-clear_1180_13959.spec.fits,8.269575049484125
jades-gds-wide2-v4_prism-clear_1180_33480.spec.fits,15.894068923748904
jades-gds-wide2-v4_prism-clear_1180_6044.spec.fits,7.329665147122858
jades-gds-wide2-v4_prism-clear_1180_13316.spec.fits,10.537342606962117
jades-gds-wide2-v4_prism-clear_1180_13519.spec.fits,11.478272156899417
jades-gds-wide2-v4_prism-clear_1180_6343.spec.fits,5.773695600340366
jades-gds-wide2-v4_prism-clear_1180_13520.spec.fits,7.483583114835997
jades-gds-wide2-v4_prism-clear_1180_9336.spec.fits,9.570906216113444
jades-gds-wide2-v4_prism-clear_1180_15141.spec.fits,6.826531105292204
jades-gds-wide2-v4_prism-clear_1180_9698.spec.fits,5.5578304989708425
gds-udeep-v4_prism-clear_3215_200733.spec.fits,26.102114988362995
gds-udeep-v4_prism-clear_3215_199773.spec.fits,40.8290168332202
gds-udeep-v4_prism-clear_3215_201249.spec.fits,76.82256905920681
gds-udeep-v4_prism-clear_3215_202185.spec.fits,7.221909949707833
gds-udeep-v4_prism-clear_3215_198654.spec.fits,10.758844868514457
gds-udeep-v4_prism-clear_3215_111015.spec.fits,14.908991445214191
gds-udeep-v4_prism-clear_3215_285456.spec.fits,13.72199644660701
gds-udeep-v4_prism-clear_3215_10011032.spec.fits,8.30138034819522
gds-udeep-v4_prism-clear_3215_289178.spec.fits,37.60115727491071
gds-udeep-v4_prism-clear_3215_108838.spec.fits,5.706309646988729
gds-udeep-v4_prism-clear_3215_200679.spec.fits,61.10230116409669
gds-udeep-v4_prism-clear_3215_108487.spec.fits,13.513118057912886
gds-udeep-v4_prism-clear_3215_202208.spec.fits,46.19157829967293
gds-udeep-v4_prism-clear_3215_201941.spec.fits,14.50327359332347
gds-udeep-v4_prism-clear_3215_100431.spec.fits,16.921760954044895
gds-udeep-v4_prism-clear_3215_109613.spec.fits,6.03920432552333
gds-udeep-v4_prism-clear_3215_114573.spec.fits,7.53562068321348
gds-udeep-v4_prism-clear_3215_199856.spec.fits,16.931300859804452
gds-udeep-v4_prism-clear_3215_98554.spec.fits,19.37545993700797
gds-udeep-v4_prism-clear_3215_113101.spec.fits,17.835738164016693
gds-udeep-v4_prism-clear_3215_201127.spec.fits,8.323043679890532
gds-udeep-v4_prism-clear_3215_195035.spec.fits,5.800334935847967
gds-udeep-v4_prism-clear_3215_111091.spec.fits,7.661524586458393
gds-udeep-v4_prism-clear_3215_10013164.spec.fits,8.680322157430625
gds-udeep-v4_prism-clear_3215_113719.spec.fits,13.75694400522993
gds-udeep-v4_prism-clear_3215_280664.spec.fits,7.152151736339164
gds-udeep-v4_prism-clear_3215_200277.spec.fits,5.127384220272662
gds-udeep-v4_prism-clear_3215_101062.spec.fits,10.262272636670104
gds-udeep-v4_prism-clear_3215_109798.spec.fits,11.76808229218188
gds-udeep-v4_prism-clear_3215_111773.spec.fits,6.03389654468095
gds-udeep-v4_prism-clear_3215_100227.spec.fits,8.782140225483682
gds-udeep-v4_prism-clear_3215_99302.spec.fits,8.58019748722278
gds-udeep-v4_prism-clear_3215_99671.spec.fits,7.34690138507947
gds-udeep-v4_prism-clear_3215_109389.spec.fits,6.010508928596214
gds-barrufet-s156-v4_prism-clear_2198_2187.spec.fits,23.45639227238118
gds-barrufet-s156-v4_prism-clear_2198_3770.spec.fits,7.196223678690623
gds-barrufet-s156-v4_prism-clear_2198_4784.spec.fits,8.800480524152889
gds-barrufet-s156-v4_prism-clear_2198_10737.spec.fits,5.773729980969187
gds-barrufet-s156-v4_prism-clear_2198_3339.spec.fits,7.00730957227253
gds-barrufet-s156-v4_prism-clear_2198_377.spec.fits,6.309463800606048
gds-barrufet-s156-v4_prism-clear_2198_6978.spec.fits,8.400913658945697
gds-barrufet-s156-v4_prism-clear_2198_1566.spec.fits,9.105119865177771
gds-barrufet-s156-v4_prism-clear_2198_5093.spec.fits,13.126804591828732
gds-deep-v4_prism-clear_1210_10642.spec.fits,10.710612009896094
gds-deep-v4_prism-clear_1210_11378.spec.fits,13.941731998513442
gds-deep-v4_prism-clear_1210_36265.spec.fits,6.051712277149355
gds-deep-v4_prism-clear_1210_13301.spec.fits,12.014256997158077
gds-deep-v4_prism-clear_1210_36829.spec.fits,19.003138199140363
gds-deep-v4_prism-clear_1210_9489.spec.fits,12.830706183140604
gds-deep-v4_prism-clear_1210_15193.spec.fits,16.38816838894168
gds-deep-v4_prism-clear_1210_16186.spec.fits,22.52984745173352
gds-deep-v4_prism-clear_1210_15157.spec.fits,19.091485338243807
gds-deep-v4_prism-clear_1210_11102.spec.fits,12.440513313442706
gds-deep-v4_prism-clear_1210_13491.spec.fits,14.763293414261472
gds-deep-v4_prism-clear_1210_5882.spec.fits,5.3547738981918
gds-deep-v4_prism-clear_1210_13530.spec.fits,7.335255795506844
gds-deep-v4_prism-clear_1210_36262.spec.fits,5.827691604610336
gds-deep-v4_prism-clear_1210_13545.spec.fits,14.020077570788771
gds-deep-v4_prism-clear_1210_9694.spec.fits,12.463969430256045
gds-deep-v4_prism-clear_1210_13510.spec.fits,13.80545016298065
gds-deep-v4_prism-clear_1210_9506.spec.fits,15.989127676446351
gds-deep-v4_prism-clear_1210_9515.spec.fits,13.769178824783662
gds-deep-v4_prism-clear_1210_9695.spec.fits,17.036006023342757
gds-deep-v4_prism-clear_1210_35977.spec.fits,5.281822339237
gds-deep-v4_prism-clear_1210_13704.spec.fits,9.308347657385244
gds-deep-v4_prism-clear_1210_9297.spec.fits,9.359265978058744
gds-deep-v4_prism-clear_1210_10707.spec.fits,7.026843004685665
gds-deep-v4_prism-clear_1210_13176.spec.fits,27.140002724132117
gds-deep-v4_prism-clear_1210_9315.spec.fits,10.12548025330486
gds-deep-v4_prism-clear_1210_9306.spec.fits,8.980062747681869
gds-deep-v4_prism-clear_1210_58004.spec.fits,7.275333700865453
gds-deep-v4_prism-clear_1210_4818.spec.fits,5.649705588401614
gds-deep-v4_prism-clear_1210_35295.spec.fits,7.477859795095052
gds-deep-v4_prism-clear_1210_6145.spec.fits,5.381721175516618
gds-deep-v4_prism-clear_1210_15099.spec.fits,11.539423939627614
gds-deep-v4_prism-clear_1210_13846.spec.fits,8.233100811561286
gds-deep-v4_prism-clear_1210_9451.spec.fits,11.223314773700576
gds-deep-v4_prism-clear_1210_5223.spec.fits,6.87089104753314
gds-deep-v4_prism-clear_1210_15125.spec.fits,9.653051968344034
jades-gds-wide-v4_prism-clear_1180_5724.spec.fits,6.304912190419744
jades-gds-wide-v4_prism-clear_1180_9720.spec.fits,24.922264478467596
jades-gds-wide-v4_prism-clear_1180_36806.spec.fits,5.683162840148769
jades-gds-wide-v4_prism-clear_1180_6227.spec.fits,11.690769645818394
jades-gds-wide-v4_prism-clear_1180_7091.spec.fits,9.235527722794131
jades-gds-wide-v4_prism-clear_1180_8697.spec.fits,6.161031860273136
jades-gds-wide-v4_prism-clear_1180_9932.spec.fits,7.471933046431425
jades-gds-wide-v4_prism-clear_1180_6022.spec.fits,5.629224905059469
jades-gds07-v4_prism-clear_1286_203973.spec.fits,15.689122469022452
jades-gds07-v4_prism-clear_1286_202202.spec.fits,5.732637091795922
jades-gds10-v4_prism-clear_1287_9513.spec.fits,10.71307027515193
jades-gds10-v4_prism-clear_1287_173387.spec.fits,29.996657105502365
jades-gds10-v4_prism-clear_1287_175463.spec.fits,11.725862587393626
jades-gds10-v4_prism-clear_1287_165472.spec.fits,5.409486233985828
jades-gds10-v4_prism-clear_1287_10325.spec.fits,5.021292327375387
jades-gds10-v4_prism-clear_1287_162830.spec.fits,8.770344747005769
jades-gds10-v4_prism-clear_1287_52538.spec.fits,17.124975843515
jades-gds10-v4_prism-clear_1287_14093.spec.fits,10.626784931997118
jades-gds10-v4_prism-clear_1287_158314.spec.fits,13.970897510648056
jades-gds10-v4_prism-clear_1287_165039.spec.fits,12.802320492997469
jades-gds10-v4_prism-clear_1287_3204.spec.fits,20.79900954676793
jades-gds10-v4_prism-clear_1287_282766.spec.fits,7.593814976025903
jades-gds10-v4_prism-clear_1287_158584.spec.fits,18.1974833282743
jades-gds10-v4_prism-clear_1287_163723.spec.fits,7.450506131320773
jades-gds10-v4_prism-clear_1287_159617.spec.fits,5.449085384139831
jades-gds10-v4_prism-clear_1287_282835.spec.fits,10.700882549494672
jades-gds10-v4_prism-clear_1287_11441.spec.fits,22.005866371904165
jades-gds10-v4_prism-clear_1287_166564.spec.fits,5.721981044636898
jades-gds10-v4_prism-clear_1287_60042862.spec.fits,8.63769630219626
jades-gds10-v4_prism-clear_1287_20179485.spec.fits,11.151681973609293
jades-gds10-v4_prism-clear_1287_7586.spec.fits,23.30169332551651
jades-gds10-v4_prism-clear_1287_183753.spec.fits,6.829575050644479
jades-gds10-v4_prism-clear_1287_180913.spec.fits,7.357581468675976
jades-gds10-v4_prism-clear_1287_5093.spec.fits,9.005340273415746
jades-gds10-v4_prism-clear_1287_158570.spec.fits,6.429120606486415
jades-gds10-v4_prism-clear_1287_7496.spec.fits,12.13039337233597
jades-gds10-v4_prism-clear_1287_186837.spec.fits,5.903047389489661
jades-gds10-v4_prism-clear_1287_63685.spec.fits,18.50920734760017
jades-gds10-v4_prism-clear_1287_283952.spec.fits,7.039053875694853
jades-gds10-v4_prism-clear_1287_60318988.spec.fits,10.610923874214144
jades-gds10-v4_prism-clear_1287_8889.spec.fits,14.196777524507665
jades-gds10-v4_prism-clear_1287_13271.spec.fits,11.687348964455271
jades-gds10-v4_prism-clear_1287_20006347.spec.fits,10.529655881613971
jades-gds10-v4_prism-clear_1287_12327.spec.fits,8.092856527814003
jades-gds10-v4_prism-clear_1287_47159.spec.fits,14.105092218337049
jades-gds10-v4_prism-clear_1287_44938.spec.fits,9.069597271848616
jades-gds10-v4_prism-clear_1287_178499.spec.fits,6.914704879541088
jades-gds10-v4_prism-clear_1287_284025.spec.fits,14.124862443736092
jades-gds10-v4_prism-clear_1287_60302222.spec.fits,5.160398897803034
jades-gds10-v4_prism-clear_1287_187918.spec.fits,9.59326014163351
jades-gds10-v4_prism-clear_1287_159613.spec.fits,7.185169539238942
jades-gds10-v4_prism-clear_1287_7706.spec.fits,5.017355793136774
jades-gds10-v4_prism-clear_1287_159179.spec.fits,5.294988035823771
jades-gds10-v4_prism-clear_1287_185390.spec.fits,5.625974137935549
jades-gds10-v4_prism-clear_1287_184847.spec.fits,6.676505057237294
jades-gds10-v4_prism-clear_1287_24638.spec.fits,9.488277008498075
jades-gds10-v4_prism-clear_1287_177899.spec.fits,5.128668975092199
jades-gds10-v4_prism-clear_1287_20051718.spec.fits,5.955289040333661
jades-gds10-v4_prism-clear_1287_10059036.spec.fits,8.101887321832342
jades-gds10-v4_prism-clear_1287_12813.spec.fits,5.7175026406935086
jades-gds10-v4_prism-clear_1287_9366.spec.fits,5.56826671572646
jades-gds10-v4_prism-clear_1287_20062446.spec.fits,5.692285160817787
gds-barrufet-s67-v4_prism-clear_2198_8777.spec.fits,19.551762305935014
gds-barrufet-s67-v4_prism-clear_2198_3762.spec.fits,10.473223262568292
gds-barrufet-s67-v4_prism-clear_2198_12900.spec.fits,5.363921602004985
gds-barrufet-s67-v4_prism-clear_2198_3784.spec.fits,5.337680161182035
gds-barrufet-s67-v4_prism-clear_2198_4163.spec.fits,21.340377352418688
gds-barrufet-s67-v4_prism-clear_2198_11198.spec.fits,5.71723512710475
gds-barrufet-s67-v4_prism-clear_2198_8328.spec.fits,6.905476351306868
gds-barrufet-s67-v4_prism-clear_2198_8476.spec.fits,6.918419642615685
gds-barrufet-s67-v4_prism-clear_2198_6521.spec.fits,5.8379600638906775
gds-barrufet-s67-v4_prism-clear_2198_8748.spec.fits,14.07927470843783
gds-barrufet-s67-v4_prism-clear_2198_3590.spec.fits,5.486937501915428
gds-barrufet-s67-v4_prism-clear_2198_3235.spec.fits,6.20035497483149
gds-barrufet-s67-v4_prism-clear_2198_8148.spec.fits,6.964039649474457
gds-barrufet-s67-v4_prism-clear_2198_5917.spec.fits,5.511970388059493
gds-barrufet-s67-v4_prism-clear_2198_3239.spec.fits,11.025408180809253
gds-barrufet-s67-v4_prism-clear_2198_11932.spec.fits,5.084871601232199
gds-barrufet-s67-v4_prism-clear_2198_9931.spec.fits,5.016531508352391
gds-barrufet-s67-v4_prism-clear_2198_7688.spec.fits,8.004628895352928
gds-barrufet-s67-v4_prism-clear_2198_7807.spec.fits,6.024657358592677
jades-gds1-v4_prism-clear_1286_39898.spec.fits,10.169063660397466
jades-gds1-v4_prism-clear_1286_37881.spec.fits,27.650963857887987
jades-gds1-v4_prism-clear_1286_32426.spec.fits,5.266446283223518
jades-gds1-v4_prism-clear_1286_35152.spec.fits,8.394948522915056
jades-gds1-v4_prism-clear_1286_39782.spec.fits,5.431322291649002
jades-gds1-v4_prism-clear_1286_33828.spec.fits,13.799328152791729
jades-gds08-v4_prism-clear_1286_203195.spec.fits,11.797686792843168
jades-gds08-v4_prism-clear_1286_203924.spec.fits,5.116437788441178
